{
  "best_params": {
    "n_estimators": 600,
    "max_depth": 13,
    "min_samples_leaf": 10,
    "max_features": 0.7447431330271352
  },
  "cv_mae_mean": 2469.0281739194143,
  "test_mae": 1913.468404335657,
  "test_r2": 0.7455287334451826,
  "n_trials": 50,
  "n_cv_splits": 5,
  "cv_method": "TimeSeriesSplit"
}