{
  "mae": 2485.519713451622,
  "mse": 10517312.56649815,
  "rmse": 3243.040635961589,
  "r2": 0.6484303890402223,
  "residual_mean": 221.21332332529158,
  "residual_std": 3235.4871707490242,
  "max_abs_error": 16691.284438866693,
  "permutation_importance_top10": {
    "stadium_capacity": 1.0761218546320988,
    "weekday_sin": 0.16121189181047596,
    "방문팀": 0.12686120681289367,
    "stadium_x_rain": 0.02806258580677202,
    "구장": 0.014458598840842074,
    "주차_ISO": 0.002286180842429131,
    "is_weekend": 0.001236851872337763,
    "humidity_bucket": 0.0007359704457614135,
    "is_capacity_missing": 0.0003703423367542147,
    "is_hot": 0.00017531021150370973
  },
  "mae_by_stadium_top15": {
    "광주": 4628.167963730135,
    "인천": 3246.592452653742,
    "수원": 2986.4650372956403,
    "잠실": 2552.20000481168,
    "창원": 2045.1955251460913,
    "울산": 2036.091998359338,
    "대구": 1903.790142451984,
    "고척": 1869.1072888449096,
    "사직": 1760.0965842773844,
    "대전": 1403.9817901105991
  },
  "split": "temporal_연도_월_주차_ISO",
  "test_time_bounds": {
    "연도_min": 2025,
    "연도_max": 2025,
    "월_min": 7,
    "월_max": 10,
    "주차_ISO_min": 28,
    "주차_ISO_max": 40,
    "rows": 287
  }
}