{
  "mae": 1902.80272035468,
  "mse": 7783477.9353276,
  "rmse": 2789.8885166485775,
  "r2": 0.7482479830118212,
  "residual_mean": -435.5087576918169,
  "residual_std": 2755.6868576275733,
  "max_abs_error": 13885.69223704392,
  "permutation_importance_top10": {
    "matchup_prior_mean_att": 0.4760282397790663,
    "weekday_sin": 0.11069538653760196,
    "home_last5_mean_att": 0.06011564124550378,
    "stadium_capacity": 0.04564484244335718,
    "home_prior_mean_att": 0.02798086161498441,
    "is_weekend": 0.0054918931849252004,
    "is_saturday": 0.0041302685412041296,
    "visitor_away_draw_pct_in_league": 0.002879041253348302,
    "home_win_rate": 0.0022949600225615095,
    "visitor_prior_mean_att": 0.0022860367845294995
  },
  "mae_by_stadium_top15": {
    "광주": 4434.363437433814,
    "인천": 2727.9326972638414,
    "수원": 2106.715603330947,
    "창원": 1936.9831739619726,
    "사직": 1888.8944028074595,
    "잠실": 1605.3089292668012,
    "고척": 1089.3106159470576,
    "대구": 1012.1939081641721,
    "대전": 426.42510435059285
  },
  "split": "temporal_연도_월_주차_ISO",
  "test_time_bounds": {
    "연도_min": 2025,
    "연도_max": 2025,
    "월_min": 7,
    "월_max": 10,
    "주차_ISO_min": 28,
    "주차_ISO_max": 40,
    "rows": 287
  }
}