{
  "mae": 1943.4755255175455,
  "mse": 7965130.6480327835,
  "rmse": 2822.2563044544313,
  "r2": 0.7337439706705344,
  "residual_mean": -355.03373667365634,
  "residual_std": 2799.8360119579015,
  "max_abs_error": 14193.028114741759,
  "permutation_importance_top10": {
    "matchup_prior_mean_att": 0.3455755524095666,
    "weekday_sin": 0.12204530557864986,
    "home_prior_mean_att": 0.06739768585815778,
    "stadium_capacity": 0.06363175803000537,
    "home_last5_mean_att": 0.06114944034168217,
    "visitor_away_draw_pct_in_league": 0.007049215154368171,
    "home_win_rate": 0.00475123273697915,
    "is_weekend": 0.004572059125993966,
    "구장": 0.004006150838399114,
    "home_draw_pct_in_league": 0.0036669913757713555
  },
  "mae_by_stadium_top15": {
    "울산": 9363.796807854056,
    "광주": 4381.456262606687,
    "인천": 2689.850012264797,
    "수원": 2105.9060565687896,
    "창원": 1835.2269044713598,
    "잠실": 1710.4161348966252,
    "사직": 1269.8723199855597,
    "고척": 1243.2726204708392,
    "대구": 1118.7117411463678,
    "대전": 699.2860587254036
  },
  "split": "temporal_연도_월_주차_ISO",
  "test_time_bounds": {
    "연도_min": 2025,
    "연도_max": 2025,
    "월_min": 7,
    "월_max": 10,
    "주차_ISO_min": 28,
    "주차_ISO_max": 40,
    "rows": 287
  }
}