{
  "mae": 1943.475525517548,
  "mse": 7965130.648032798,
  "rmse": 2822.256304454434,
  "r2": 0.733743970670534,
  "residual_mean": -355.03373667365855,
  "residual_std": 2799.8360119579033,
  "max_abs_error": 14193.028114741694,
  "permutation_importance_top10": {
    "matchup_prior_mean_att": 0.3455755524095666,
    "weekday_sin": 0.12204530557864968,
    "home_prior_mean_att": 0.06739768585815784,
    "stadium_capacity": 0.06363175803000529,
    "home_last5_mean_att": 0.061149440341682314,
    "visitor_away_draw_pct_in_league": 0.007049215154368227,
    "home_win_rate": 0.004751232736979127,
    "is_weekend": 0.004572059125993522,
    "구장": 0.004006150838399158,
    "home_draw_pct_in_league": 0.0036669913757716886
  },
  "mae_by_stadium_top15": {
    "울산": 9363.79680785404,
    "광주": 4381.456262606701,
    "인천": 2689.8500122647933,
    "수원": 2105.9060565687873,
    "창원": 1835.2269044713626,
    "잠실": 1710.4161348966297,
    "사직": 1269.872319985565,
    "고척": 1243.2726204708374,
    "대구": 1118.7117411463564,
    "대전": 699.2860587254081
  },
  "split": "temporal_연도_월_주차_ISO",
  "test_time_bounds": {
    "연도_min": 2025,
    "연도_max": 2025,
    "월_min": 7,
    "월_max": 10,
    "주차_ISO_min": 28,
    "주차_ISO_max": 40,
    "rows": 287
  }
}