{
  "mae": 1943.4755255175485,
  "mse": 7965130.648032797,
  "rmse": 2822.2563044544336,
  "r2": 0.733743970670534,
  "residual_mean": -355.03373667365764,
  "residual_std": 2799.836011957903,
  "max_abs_error": 14193.028114741759,
  "permutation_importance_top10": {
    "matchup_prior_mean_att": 0.34557555240956667,
    "weekday_sin": 0.12204530557864972,
    "home_prior_mean_att": 0.06739768585815775,
    "stadium_capacity": 0.06363175803000512,
    "home_last5_mean_att": 0.061149440341682196,
    "visitor_away_draw_pct_in_league": 0.007049215154368005,
    "home_win_rate": 0.0047512327369789945,
    "is_weekend": 0.004572059125993511,
    "구장": 0.0040061508383990585,
    "home_draw_pct_in_league": 0.0036669913757711114
  },
  "mae_by_stadium_top15": {
    "울산": 9363.79680785399,
    "광주": 4381.456262606705,
    "인천": 2689.850012264797,
    "수원": 2105.9060565687982,
    "창원": 1835.2269044713594,
    "잠실": 1710.4161348966284,
    "사직": 1269.872319985564,
    "고척": 1243.2726204708354,
    "대구": 1118.7117411463628,
    "대전": 699.2860587254046
  },
  "split": "temporal_연도_월_주차_ISO",
  "test_time_bounds": {
    "연도_min": 2025,
    "연도_max": 2025,
    "월_min": 7,
    "월_max": 10,
    "주차_ISO_min": 28,
    "주차_ISO_max": 40,
    "rows": 287
  }
}