{
  "mae": 2170.2418465694636,
  "mse": 9399545.640926111,
  "rmse": 3065.8678446609715,
  "r2": 0.6857947709279342,
  "residual_mean": -138.02912986275325,
  "residual_std": 3062.759148257571,
  "max_abs_error": 15318.092449476451,
  "permutation_importance_top10": {
    "home_prior_mean_att": 0.569352569356471,
    "weekday_sin": 0.1665638890877447,
    "stadium_capacity": 0.11823389697933992,
    "visitor_away_draw_pct_in_league": 0.11639827042619393,
    "home_last5_mean_att": 0.09140634929145239,
    "visitor_prior_mean_att": 0.013470820280080963,
    "home_draw_pct_in_league": 0.008844141503554014,
    "구장": 0.008643159921614385,
    "home_visitor_prior_draw_diff": 0.006133781765569768,
    "홈팀": 0.005689564153062432
  },
  "mae_by_stadium_top15": {
    "울산": 8090.766302595559,
    "광주": 4590.709436699651,
    "인천": 2782.6978782412966,
    "수원": 2748.622834576838,
    "잠실": 2019.5349797730364,
    "창원": 2002.5280547471611,
    "고척": 1697.355436124967,
    "대구": 1676.077372412242,
    "사직": 1382.1423475654392,
    "대전": 440.60311570682563
  },
  "split": "temporal_연도_월_주차_ISO",
  "test_time_bounds": {
    "연도_min": 2025,
    "연도_max": 2025,
    "월_min": 7,
    "월_max": 10,
    "주차_ISO_min": 28,
    "주차_ISO_max": 40,
    "rows": 287
  }
}