{
  "mae": 1943.475525517546,
  "mse": 7965130.648032784,
  "rmse": 2822.2563044544313,
  "r2": 0.7337439706705344,
  "residual_mean": -355.03373667365463,
  "residual_std": 2799.8360119579015,
  "max_abs_error": 14193.028114741726,
  "permutation_importance_top10": {
    "matchup_prior_mean_att": 0.34557555240956683,
    "weekday_sin": 0.1220453055786499,
    "home_prior_mean_att": 0.06739768585815774,
    "stadium_capacity": 0.06363175803000534,
    "home_last5_mean_att": 0.061149440341682494,
    "visitor_away_draw_pct_in_league": 0.0070492151543681825,
    "home_win_rate": 0.0047512327369791385,
    "is_weekend": 0.004572059125993844,
    "구장": 0.004006150838399458,
    "home_draw_pct_in_league": 0.003666991375771411
  },
  "mae_by_stadium_top15": {
    "울산": 9363.79680785409,
    "광주": 4381.45626260669,
    "인천": 2689.850012264789,
    "수원": 2105.9060565687887,
    "창원": 1835.2269044713573,
    "잠실": 1710.4161348966284,
    "사직": 1269.8723199855606,
    "고척": 1243.2726204708413,
    "대구": 1118.7117411463596,
    "대전": 699.2860587254089
  },
  "split": "temporal_연도_월_주차_ISO",
  "test_time_bounds": {
    "연도_min": 2025,
    "연도_max": 2025,
    "월_min": 7,
    "월_max": 10,
    "주차_ISO_min": 28,
    "주차_ISO_max": 40,
    "rows": 287
  }
}