{
  "n_samples": 1436,
  "n_train": 1149,
  "n_test": 287,
  "target": "관중수",
  "split": "temporal_연도_월_주차_ISO",
  "test_size": 0.2,
  "random_state": 42,
  "data_path": "/Users/mymac/Machine-Learning-Project/machine-learning-project/data/processed/kbo_train_ready.csv",
  "train_time_bounds": {
    "연도_min": 2024,
    "연도_max": 2025,
    "월_min": 3,
    "월_max": 10,
    "주차_ISO_min": 12,
    "주차_ISO_max": 40,
    "rows": 1149
  },
  "test_time_bounds": {
    "연도_min": 2025,
    "연도_max": 2025,
    "월_min": 7,
    "월_max": 10,
    "주차_ISO_min": 28,
    "주차_ISO_max": 40,
    "rows": 287
  },
  "baseline_dummy_mean": {
    "mae": 4672.61821671928,
    "mse": 30885871.471795283,
    "rmse": 5557.50586790471,
    "r2": -0.032443768200019374
  },
  "baseline_stadium_mean": {
    "mae": 3826.751136984634,
    "mse": 18902112.51763477,
    "rmse": 4347.655979678564,
    "r2": 0.3681457784842217
  },
  "model": {
    "mae": 1943.4755255175448,
    "mse": 7965130.64803278,
    "rmse": 2822.256304454431,
    "r2": 0.7337439706705345
  },
  "model_type": "RandomForest",
  "log_target_transform": true
}