{
  "n_samples": 1436,
  "n_train": 1149,
  "n_test": 287,
  "target": "관중수",
  "split": "temporal_연도_월_주차_ISO",
  "test_size": 0.2,
  "random_state": 42,
  "data_path": "/Users/mymac/Machine-Learning-Project/machine-learning-project/data/processed/kbo_train_ready.csv",
  "train_time_bounds": {
    "연도_min": 2024,
    "연도_max": 2025,
    "월_min": 3,
    "월_max": 10,
    "주차_ISO_min": 12,
    "주차_ISO_max": 40,
    "rows": 1149
  },
  "test_time_bounds": {
    "연도_min": 2025,
    "연도_max": 2025,
    "월_min": 7,
    "월_max": 10,
    "주차_ISO_min": 28,
    "주차_ISO_max": 40,
    "rows": 287
  },
  "baseline_dummy_mean": {
    "mae": 4672.61821671928,
    "mse": 30885871.471795283,
    "rmse": 5557.50586790471,
    "r2": -0.032443768200019374
  },
  "baseline_stadium_mean": {
    "mae": 3949.801926053546,
    "mse": 20003284.97698078,
    "rmse": 4472.503211511511,
    "r2": 0.3313361115009382
  },
  "model": {
    "mae": 1977.2852410989447,
    "mse": 8386148.281426457,
    "rmse": 2895.8847148024483,
    "r2": 0.7196703178582264
  },
  "model_type": "RandomForest",
  "log_target_transform": true
}