{
  "n_samples": 1436,
  "n_train": 1149,
  "n_test": 287,
  "target": "관중수",
  "split": "temporal_연도_월_주차_ISO",
  "test_size": 0.2,
  "random_state": 42,
  "data_path": "/Users/mymac/Machine-Learning-Project/machine-learning-project/data/processed/kbo_train_ready.csv",
  "train_time_bounds": {
    "연도_min": 2024,
    "연도_max": 2025,
    "월_min": 3,
    "월_max": 10,
    "주차_ISO_min": 12,
    "주차_ISO_max": 40,
    "rows": 1149
  },
  "test_time_bounds": {
    "연도_min": 2025,
    "연도_max": 2025,
    "월_min": 7,
    "월_max": 10,
    "주차_ISO_min": 28,
    "주차_ISO_max": 40,
    "rows": 287
  },
  "baseline_dummy_mean": {
    "mae": 4814.447712448031,
    "mse": 31475176.811352767,
    "rmse": 5610.274218908802,
    "r2": -0.01804608597301849
  },
  "baseline_stadium_mean": {
    "mae": 3729.150169767644,
    "mse": 18875238.816383887,
    "rmse": 4344.5642838360545,
    "r2": 0.38949149947603645
  },
  "model": {
    "mae": 1902.8027203546817,
    "mse": 7783477.935327623,
    "rmse": 2789.8885166485816,
    "r2": 0.7482479830118204
  },
  "model_type": "RandomForest",
  "log_target_transform": true
}